pair_id	role	domain	family	family_taxid	genus	genus_taxid	species_taxid	accession	organism_name	tax_id	strain	refseq_category	total_sequence_length	assembly_level	pair_mode	note
bacteria_streptomycetaceae	sim	bacteria	Streptomycetaceae	2062	Streptomyces	1883	1885	GCF_003208035.1	Streptomyces actuosus	1885	ATCC 25421	na	8145579	Complete Genome	same_genus	Lower species taxid is simulated; higher species taxid is the database
bacteria_streptomycetaceae	db	bacteria	Streptomycetaceae	2062	Streptomyces	1883	1886	GCF_045039635.1	Streptomyces albidoflavus	1886	NBC_01110	reference genome	7215712	Complete Genome	same_genus	Lower species taxid is simulated; higher species taxid is the database
bacteria_pseudomonadaceae	sim	bacteria	Pseudomonadaceae	135621	Pseudomonas	286	287	GCF_000006765.1	Pseudomonas aeruginosa PAO1	208964	PAO1	reference genome	6264404	Complete Genome	same_genus	Lower species taxid is simulated; higher species taxid is the database
bacteria_pseudomonadaceae	db	bacteria	Pseudomonadaceae	135621	Pseudomonas	286	294	GCF_900215245.1	Pseudomonas fluorescens	294	ATCC 13525	reference genome	6511547	Chromosome	same_genus	Lower species taxid is simulated; higher species taxid is the database
bacteria_bacillaceae	sim	bacteria	Bacillaceae	186817	Bacillus	1386	1390	GCF_019396925.1	Bacillus amyloliquefaciens	1390	GKT04	reference genome	4149690	Complete Genome	same_genus	Lower species taxid is simulated; higher species taxid is the database
bacteria_bacillaceae	db	bacteria	Bacillaceae	186817	Bacillus	1386	1392	GCF_000008445.1	Bacillus anthracis str. 'Ames Ancestor'	261594	Ames Ancestor; A2084	reference genome	5503926	Complete Genome	same_genus	Lower species taxid is simulated; higher species taxid is the database
bacteria_flavobacteriaceae	sim	bacteria	Flavobacteriaceae	49546	Flavobacterium	237	986	GCF_000016645.1	Flavobacterium johnsoniae UW101	376686	UW101; ATCC 17061	reference genome	6096872	Complete Genome	same_genus	Lower species taxid is simulated; higher species taxid is the database
bacteria_flavobacteriaceae	db	bacteria	Flavobacteriaceae	49546	Flavobacterium	237	996	GCF_014844295.1	Flavobacterium columnare	996	F2S17	reference genome	3221278	Complete Genome	same_genus	Lower species taxid is simulated; higher species taxid is the database
bacteria_enterobacteriaceae	sim	bacteria	Enterobacteriaceae	543	Enterobacter	547	550	GCF_905331265.2	Enterobacter cloacae	550		reference genome	5023439	Complete Genome	same_genus	Lower species taxid is simulated; higher species taxid is the database
bacteria_enterobacteriaceae	db	bacteria	Enterobacteriaceae	543	Enterobacter	547	61645	GCF_007035805.1	Enterobacter asburiae	61645	17Nkhm-UP2	reference genome	4768325	Complete Genome	same_genus	Lower species taxid is simulated; higher species taxid is the database
bacteria_microbacteriaceae	sim	bacteria	Microbacteriaceae	85023	Microbacterium	33882	2033	GCF_000202635.1	Microbacterium testaceum StLB037	979556	StLB037	na	3982034	Complete Genome	same_genus	Lower species taxid is simulated; higher species taxid is the database
bacteria_microbacteriaceae	db	bacteria	Microbacteriaceae	85023	Microbacterium	33882	33883	GCF_030369635.1	Microbacterium arborescens	33883	SSF12	reference genome	3370341	Complete Genome	same_genus	Lower species taxid is simulated; higher species taxid is the database
bacteria_paenibacillaceae	sim	bacteria	Paenibacillaceae	186822	Paenibacillus	44249	1401	GCF_003590055.1	Paenibacillus lautus	1401	E7593-69	na	7354571	Complete Genome	same_genus	Lower species taxid is simulated; higher species taxid is the database
bacteria_paenibacillaceae	db	bacteria	Paenibacillaceae	186822	Paenibacillus	44249	1406	GCF_022811565.1	Paenibacillus polymyxa ATCC 842	1036171	ATCC 842	reference genome	5967522	Complete Genome	same_genus	Lower species taxid is simulated; higher species taxid is the database
bacteria_burkholderiaceae	sim	bacteria	Burkholderiaceae	119060	Burkholderia	32008	292	GCF_009586235.1	Burkholderia cepacia	292	BC16	reference genome	8366868	Complete Genome	same_genus	Lower species taxid is simulated; higher species taxid is the database
bacteria_burkholderiaceae	db	bacteria	Burkholderiaceae	119060	Burkholderia	32008	337	GCF_000960995.1	Burkholderia glumae LMG 2196 = ATCC 33617	1176492	ATCC 33617	reference genome	6820727	Complete Genome	same_genus	Lower species taxid is simulated; higher species taxid is the database
bacteria_anaplasmataceae	sim	bacteria	Anaplasmataceae	942	Wolbachia	953	955	GCF_007971685.1	Wolbachia pipientis	955	wMel_N25	reference genome	1267781	Complete Genome	same_genus	Lower species taxid is simulated; higher species taxid is the database
bacteria_anaplasmataceae	db	bacteria	Anaplasmataceae	942	Wolbachia	953	66084	GCF_000022285.1	Wolbachia sp. wRi	66084	wRi	na	1445873	Complete Genome	same_genus	Lower species taxid is simulated; higher species taxid is the database
bacteria_micrococcaceae	sim	bacteria	Micrococcaceae	1268	Arthrobacter	1663	1665	GCF_046536215.2	Arthrobacter globiformis	1665	CNM05	na	5267372	Complete Genome	same_genus	Lower species taxid is simulated; higher species taxid is the database
bacteria_micrococcaceae	db	bacteria	Micrococcaceae	1268	Arthrobacter	1663	1670	GCF_038405225.1	Arthrobacter citreus	1670	EINP1	na	3882960	Complete Genome	same_genus	Lower species taxid is simulated; higher species taxid is the database
bacteria_lysobacteraceae	sim	bacteria	Lysobacteraceae	32033	Xanthomonas	338	339	GCF_013388375.1	Xanthomonas campestris pv. raphani	359385	MAFF106181	reference genome	4942039	Complete Genome	same_genus	Lower species taxid is simulated; higher species taxid is the database
bacteria_lysobacteraceae	db	bacteria	Lysobacteraceae	32033	Xanthomonas	338	343	GCF_017301775.1	Xanthomonas translucens pv. undulosa	487909	XtLr8	reference genome	4649333	Complete Genome	same_genus	Lower species taxid is simulated; higher species taxid is the database
bacteria_lactobacillaceae	sim	bacteria	Lactobacillaceae	33958	Lactobacillus	1578	1579	GCF_034298135.1	Lactobacillus acidophilus	1579	ATCC 4356	reference genome	1978847	Complete Genome	same_genus	Lower species taxid is simulated; higher species taxid is the database
bacteria_lactobacillaceae	db	bacteria	Lactobacillaceae	33958	Lactobacillus	1578	1584	GCF_001888925.1	Lactobacillus delbrueckii subsp. jakobsenii ZN7a-9 = DSM 26046	1217420	DSM 26046	reference genome	1891796	Complete Genome	same_genus	Lower species taxid is simulated; higher species taxid is the database
bacteria_nitrobacteraceae	sim	bacteria	Nitrobacteraceae	41294	Bradyrhizobium	374	375	GCF_030584785.1	Bradyrhizobium japonicum	375	S06K-Bj	reference genome	9677243	Complete Genome	same_genus	Lower species taxid is simulated; higher species taxid is the database
bacteria_nitrobacteraceae	db	bacteria	Nitrobacteraceae	41294	Bradyrhizobium	374	376	GCF_900011245.1	Bradyrhizobium sp.	376		na	7547693	Complete Genome	same_genus	Lower species taxid is simulated; higher species taxid is the database
bacteria_moraxellaceae	sim	bacteria	Moraxellaceae	468	Acinetobacter	469	470	GCF_009035845.1	Acinetobacter baumannii	470	ATCC 19606	reference genome	3999136	Complete Genome	different_genera	Lower species taxid is simulated; higher species taxid is the database
bacteria_moraxellaceae	db	bacteria	Moraxellaceae	468	Moraxella	475	476	GCF_025985205.1	Moraxella bovis	476	SAM58116	reference genome	2807142	Complete Genome	different_genera	Lower species taxid is simulated; higher species taxid is the database
bacteria_comamonadaceae	sim	bacteria	Comamonadaceae	80864	Comamonas	283	285	GCF_016599875.1	Comamonas testosteroni	285	G1	reference genome	5497097	Chromosome	different_genera	Lower species taxid is simulated; higher species taxid is the database
bacteria_comamonadaceae	db	bacteria	Comamonadaceae	80864	Acidovorax	12916	12917	GCF_050626955.1	Acidovorax facilis	12917	37c5	reference genome	5806590	Complete Genome	different_genera	Lower species taxid is simulated; higher species taxid is the database
bacteria_vibrionaceae	sim	bacteria	Vibrionaceae	641	Photobacterium	657	659	GCF_949787665.1	Photobacterium phosphoreum	659	MIP2473	na	4663684	Complete Genome	different_genera	Lower species taxid is simulated; higher species taxid is the database
bacteria_vibrionaceae	db	bacteria	Vibrionaceae	641	Vibrio	662	663	GCF_023650915.1	Vibrio alginolyticus	663	E110	reference genome	5150420	Complete Genome	different_genera	Lower species taxid is simulated; higher species taxid is the database
bacteria_rhizobiaceae	sim	bacteria	Rhizobiaceae	82115	Agrobacterium	357	358	GCF_013318015.2	Agrobacterium tumefaciens	358	G3/79	reference genome	6002464	Complete Genome	different_genera	Lower species taxid is simulated; higher species taxid is the database
bacteria_rhizobiaceae	db	bacteria	Rhizobiaceae	82115	Rhizobium	379	384	GCF_035969035.1	Rhizobium leguminosarum	384	TP16	na	8799320	Complete Genome	different_genera	Lower species taxid is simulated; higher species taxid is the database
bacteria_mycobacteriaceae	sim	bacteria	Mycobacteriaceae	1762	Mycobacterium	1763	1764	GCF_022175585.2	Mycobacterium avium subsp. hominissuis	439334	OCU889s_P11_4s	reference genome	5173839	Complete Genome	different_genera	Lower species taxid is simulated; higher species taxid is the database
bacteria_mycobacteriaceae	db	bacteria	Mycobacteriaceae	1762	Mycobacteroides	670516	1774	GCF_001632805.1	Mycobacteroides chelonae CCUG 47445	1460372	CCUG 47445	reference genome	5029817	Complete Genome	different_genera	Lower species taxid is simulated; higher species taxid is the database
bacteria_enterococcaceae	sim	bacteria	Enterococcaceae	81852	Enterococcus	1350	1351	GCF_028116745.1	Enterococcus faecalis	1351	SVR2085	na	3600715	Chromosome	different_genera	Lower species taxid is simulated; higher species taxid is the database
bacteria_enterococcaceae	db	bacteria	Enterococcaceae	81852	Vagococcus	2737	2738	GCF_020628735.1	Vagococcus fluvialis	2738	12B2	na	2956963	Complete Genome	different_genera	Lower species taxid is simulated; higher species taxid is the database
bacteria_micromonosporaceae	sim	bacteria	Micromonosporaceae	28056	Actinoplanes	1865	1866	GCF_000284295.1	Actinoplanes missouriensis 431	512565	431	reference genome	8773466	Complete Genome	different_genera	Lower species taxid is simulated; higher species taxid is the database
bacteria_micromonosporaceae	db	bacteria	Micromonosporaceae	28056	Micromonospora	1873	1874	GCF_028768405.1	Micromonospora chalcea	1874	1K05785M01	reference genome	6861996	Complete Genome	different_genera	Lower species taxid is simulated; higher species taxid is the database
bacteria_sphingomonadaceae	sim	bacteria	Sphingomonadaceae	41297	Sphingomonas	13687	13689	GCF_016027095.1	Sphingomonas paucimobilis	13689	FDAARGOS_908	reference genome	4367078	Complete Genome	different_genera	Lower species taxid is simulated; higher species taxid is the database
bacteria_sphingomonadaceae	db	bacteria	Sphingomonadaceae	41297	Citromicrobium	72173	72174	GCF_039621465.1	Citromicrobium bathyomarinum	72174	MCCC1A09559	na	3358554	Complete Genome	different_genera	Lower species taxid is simulated; higher species taxid is the database
bacteria_roseobacteraceae	sim	bacteria	Roseobacteraceae	2854170	Roseobacter	2433	2434	GCF_002983865.1	Roseobacter denitrificans	2434	FDAARGOS_309	reference genome	4308791	Complete Genome	different_genera	Lower species taxid is simulated; higher species taxid is the database
bacteria_roseobacteraceae	db	bacteria	Roseobacteraceae	2854170	Octadecabacter	53945	53946	GCF_000155735.2	Octadecabacter arcticus 238	391616	238	reference genome	5478249	Complete Genome	different_genera	Lower species taxid is simulated; higher species taxid is the database
bacteria_streptococcaceae	sim	bacteria	Streptococcaceae	1300	Streptococcus	1301	1302	GCF_019046945.1	Streptococcus gordonii	1302	FDAARGOS 1454	reference genome	2187618	Complete Genome	different_genera	Lower species taxid is simulated; higher species taxid is the database
bacteria_streptococcaceae	db	bacteria	Streptococcaceae	1300	Lactococcus	1357	1358	GCF_003176835.1	Lactococcus lactis subsp. lactis	1360	14B4	reference genome	2639081	Complete Genome	different_genera	Lower species taxid is simulated; higher species taxid is the database
bacteria_nocardiaceae	sim	bacteria	Nocardiaceae	85025	Nocardia	1817	1823	GCF_007362295.1	Nocardia otitidiscaviarum	1823	NEB252	reference genome	7687583	Complete Genome	different_genera	Lower species taxid is simulated; higher species taxid is the database
bacteria_nocardiaceae	db	bacteria	Nocardiaceae	85025	Rhodococcus	1827	1829	GCF_029457455.1	Rhodococcus rhodochrous	1829	LH-B3	reference genome	5612657	Complete Genome	different_genera	Lower species taxid is simulated; higher species taxid is the database
bacteria_pseudonocardiaceae	sim	bacteria	Pseudonocardiaceae	2070	Amycolatopsis	1813	1814	GCF_000739085.1	Amycolatopsis methanolica 239	1068978	239	reference genome	7237391	Complete Genome	different_genera	Lower species taxid is simulated; higher species taxid is the database
bacteria_pseudonocardiaceae	db	bacteria	Pseudonocardiaceae	2070	Saccharopolyspora	1835	1836	GCF_000062885.1	Saccharopolyspora erythraea NRRL 2338	405948	NRRL 2338	reference genome	8212805	Complete Genome	different_genera	Lower species taxid is simulated; higher species taxid is the database
archaea_haloferacaceae	sim	archaea	Haloferacaceae	1644056	Halorubrum	56688	2247	GCF_000022205.1	Halorubrum lacusprofundi ATCC 49239	416348	ATCC 49239	reference genome	3692576	Complete Genome	same_genus	Lower species taxid is simulated; higher species taxid is the database
archaea_haloferacaceae	db	archaea	Haloferacaceae	1644056	Halorubrum	56688	2248	GCF_982481055.1	Halorubrum saccharovorum	2248		na	3338610	Chromosome	same_genus	Lower species taxid is simulated; higher species taxid is the database
archaea_natrialbaceae	sim	archaea	Natrialbaceae	1644061	Natrinema	88723	69525	GCF_000230735.2	Natrinema pellirubrum DSM 15624	797303	DSM 15624	reference genome	4354100	Complete Genome	same_genus	Lower species taxid is simulated; higher species taxid is the database
archaea_natrialbaceae	db	archaea	Natrialbaceae	1644061	Natrinema	88723	69527	GCF_005890195.1	Natrinema pallidum	69527	BOL6-1	reference genome	3778093	Complete Genome	same_genus	Lower species taxid is simulated; higher species taxid is the database
archaea_thermococcaceae	sim	archaea	Thermococcaceae	2259	Thermococcus	2263	2264	GCF_002214365.1	Thermococcus celer Vu 13 = JCM 8558	1293037	Vu 13	reference genome	1866819	Complete Genome	same_genus	Lower species taxid is simulated; higher species taxid is the database
archaea_thermococcaceae	db	archaea	Thermococcaceae	2259	Thermococcus	2263	2265	GCF_000246985.2	Thermococcus litoralis DSM 5473	523849	DSM 5473	reference genome	2215172	Complete Genome	same_genus	Lower species taxid is simulated; higher species taxid is the database
archaea_haloarculaceae	sim	archaea	Haloarculaceae	1963268	Haloarcula	2237	2238	GCF_000011085.1	Haloarcula marismortui ATCC 43049	272569	ATCC 43049	reference genome	4274642	Complete Genome	same_genus	Lower species taxid is simulated; higher species taxid is the database
archaea_haloarculaceae	db	archaea	Haloarculaceae	1963268	Haloarcula	2237	29282	GCF_982480705.1	Haloarcula japonica	29282		na	4222054	Chromosome	same_genus	Lower species taxid is simulated; higher species taxid is the database
archaea_methanosarcinaceae	sim	archaea	Methanosarcinaceae	2206	Methanosarcina	2207	2208	GCF_000970025.1	Methanosarcina barkeri MS	1434108	MS	reference genome	4574907	Complete Genome	same_genus	Lower species taxid is simulated; higher species taxid is the database
archaea_methanosarcinaceae	db	archaea	Methanosarcinaceae	2206	Methanosarcina	2207	2209	GCF_000970205.1	Methanosarcina mazei S-6	213585	S-6	reference genome	4142816	Complete Genome	same_genus	Lower species taxid is simulated; higher species taxid is the database
archaea_methanobacteriaceae	sim	archaea	Methanobacteriaceae	2159	Methanobacterium	2160	2162	GCF_001458655.1	Methanobacterium formicicum	2162		reference genome	2494510	Complete Genome	same_genus	Lower species taxid is simulated; higher species taxid is the database
archaea_methanobacteriaceae	db	archaea	Methanobacteriaceae	2159	Methanobacterium	2160	59277	GCF_002813695.1	Methanobacterium subterraneum	59277	A8p	reference genome	2515817	Complete Genome	same_genus	Lower species taxid is simulated; higher species taxid is the database
archaea_sulfolobaceae	sim	archaea	Sulfolobaceae	118883	Acidianus	12914	2283	GCF_009729015.1	Acidianus ambivalens	2283	LEI 10	reference genome	2252027	Complete Genome	same_genus	Lower species taxid is simulated; higher species taxid is the database
archaea_sulfolobaceae	db	archaea	Sulfolobaceae	118883	Acidianus	12914	41673	GCF_003201835.2	Acidianus brierleyi	41673	DSM 1651	reference genome	2947244	Complete Genome	same_genus	Lower species taxid is simulated; higher species taxid is the database
archaea_natronomonadaceae	sim	archaea	Natronomonadaceae	3402413	Natronomonas	63743	2257	GCF_000026045.1	Natronomonas pharaonis DSM 2160	348780	Gabara	reference genome	2749696	Complete Genome	same_genus	Lower species taxid is simulated; higher species taxid is the database
archaea_natronomonadaceae	db	archaea	Natronomonadaceae	3402413	Natronomonas	63743	416273	GCF_000591055.1	Natronomonas moolapensis 8.8.11	268739	8.8.11	reference genome	2912573	Complete Genome	same_genus	Lower species taxid is simulated; higher species taxid is the database
archaea_haladaptataceae	sim	archaea	Haladaptataceae	3064797	Haladaptatus	367188	1008152	GCF_020700235.1	Haladaptatus pallidirubidus	1008152	YIM 93656	reference genome	6270521	Complete Genome	same_genus	Lower species taxid is simulated; higher species taxid is the database
archaea_haladaptataceae	db	archaea	Haladaptataceae	3064797	Haladaptatus	367188	2884875	GCF_020618475.1	Haladaptatus halobius	2884875	PSR5	reference genome	7279389	Complete Genome	same_genus	Lower species taxid is simulated; higher species taxid is the database
archaea_halobacteriaceae	sim	archaea	Halobacteriaceae	2236	Halobacterium	2239	2242	GCF_004799605.1	Halobacterium salinarum	2242	91-R6	reference genome	2429680	Complete Genome	same_genus	Lower species taxid is simulated; higher species taxid is the database
archaea_halobacteriaceae	db	archaea	Halobacteriaceae	2236	Halobacterium	2239	223182	GCF_021233435.1	Halobacterium noricense	223182	JCM 15102	reference genome	3316796	Complete Genome	same_genus	Lower species taxid is simulated; higher species taxid is the database
archaea_thermoproteaceae	sim	archaea	Thermoproteaceae	2267	Pyrobaculum	2276	2277	GCF_000015205.1	Pyrobaculum islandicum DSM 4184	384616	DSM 4184	reference genome	1826402	Complete Genome	same_genus	Lower species taxid is simulated; higher species taxid is the database
archaea_thermoproteaceae	db	archaea	Thermoproteaceae	2267	Pyrobaculum	2276	2278	GCF_055384425.1	Pyrobaculum organotrophum	2278	JCM 9190	reference genome	1890320	Complete Genome	same_genus	Lower species taxid is simulated; higher species taxid is the database
archaea_methanomicrobiaceae	sim	archaea	Methanomicrobiaceae	2194	Methanoculleus	45989	2198	GCF_000015825.1	Methanoculleus marisnigri JR1	368407	JR1	reference genome	2478101	Complete Genome	same_genus	Lower species taxid is simulated; higher species taxid is the database
archaea_methanomicrobiaceae	db	archaea	Methanomicrobiaceae	2194	Methanoculleus	45989	83986	GCF_000304355.2	Methanoculleus bourgensis MS2	1201294	type strain:MS2	reference genome	2789774	Complete Genome	same_genus	Lower species taxid is simulated; higher species taxid is the database
archaea_desulfurococcaceae	sim	archaea	Desulfurococcaceae	2272	Thermogladius	477695	1200300	GCF_000264495.1	Thermogladius calderae 1633	1184251	1633	reference genome	1356318	Complete Genome	same_genus	Lower species taxid is simulated; higher species taxid is the database
archaea_desulfurococcaceae	db	archaea	Desulfurococcaceae	2272	Thermogladius	477695	3136289	GCF_051131135.1	Thermogladius sp. KZ2Tp1	3136289	KZ2Tp1	na	1326527	Complete Genome	same_genus	Lower species taxid is simulated; higher species taxid is the database
archaea_nitrosopumilaceae	sim	archaea	Nitrosopumilaceae	338190	Nitrosopumilus	338191	338192	GCF_000018465.1	Nitrosopumilus maritimus SCM1	436308	SCM1	reference genome	1645259	Complete Genome	different_genera	Lower species taxid is simulated; higher species taxid is the database
archaea_nitrosopumilaceae	db	archaea	Nitrosopumilaceae	338190	Nitrosarchaeum	1007082	2259673	GCF_013407385.1	Nitrosarchaeum sp. AC2	2259673	AC2	na	1720730	Complete Genome	different_genera	Lower species taxid is simulated; higher species taxid is the database
archaea_methanocaldococcaceae	sim	archaea	Methanocaldococcaceae	196117	Methanotorris	196119	2189	GCF_000214415.1	Methanotorris igneus Kol 5	880724	Kol 5	reference genome	1854197	Complete Genome	different_genera	Lower species taxid is simulated; higher species taxid is the database
archaea_methanocaldococcaceae	db	archaea	Methanocaldococcaceae	196117	Methanocaldococcus	196118	2190	GCF_000091665.1	Methanocaldococcus jannaschii DSM 2661	243232	DSM 2661	reference genome	1739927	Complete Genome	different_genera	Lower species taxid is simulated; higher species taxid is the database
archaea_archaeoglobaceae	sim	archaea	Archaeoglobaceae	2232	Archaeoglobus	2233	2234	GCF_000008665.1	Archaeoglobus fulgidus DSM 4304	224325	DSM 4304	reference genome	2178400	Complete Genome	different_genera	Lower species taxid is simulated; higher species taxid is the database
archaea_archaeoglobaceae	db	archaea	Archaeoglobaceae	2232	Ferroglobus	54260	54261	GCF_000025505.1	Ferroglobus placidus DSM 10642	589924	DSM 10642	reference genome	2196266	Complete Genome	different_genera	Lower species taxid is simulated; higher species taxid is the database
archaea_halococcaceae	sim	archaea	Halococcaceae	1963270	Halococcus	2249	2250	GCF_052043925.1	Halococcus morrhuae DSM 1307	931277	DSM 1307	reference genome	3048131	Complete Genome	different_genera	Lower species taxid is simulated; higher species taxid is the database
archaea_halococcaceae	db	archaea	Halococcaceae	1963270	Halalkalicoccus	332246	175632	GCF_055395675.1	Halalkalicoccus tibetensis	175632	JCM 11890	reference genome	3585449	Complete Genome	different_genera	Lower species taxid is simulated; higher species taxid is the database
archaea_natronoarchaeaceae	sim	archaea	Natronoarchaeaceae	2976354	Natronoarchaeum	926359	755311	GCF_056921715.1	Natronoarchaeum rubrum	755311	H-hyl1	na	4293974	Complete Genome	different_genera	Lower species taxid is simulated; higher species taxid is the database
archaea_natronoarchaeaceae	db	archaea	Natronoarchaeaceae	2976354	Salinarchaeum	1269201	869888	GCF_023204835.1	Salinarchaeum laminariae	869888	R26	reference genome	3169627	Chromosome	different_genera	Lower species taxid is simulated; higher species taxid is the database
archaea_methanococcaceae	sim	archaea	Methanococcaceae	2183	Methanococcus	2184	2187	GCF_000017165.1	Methanococcus vannielii SB	406327	SB	reference genome	1720048	Complete Genome	different_genera	Lower species taxid is simulated; higher species taxid is the database
archaea_methanococcaceae	db	archaea	Methanococcaceae	2183	Methanothermococcus	155862	155863	GCF_000179575.2	Methanothermococcus okinawensis IH1	647113	IH1	reference genome	1677455	Complete Genome	different_genera	Lower species taxid is simulated; higher species taxid is the database
archaea_pyrodictiaceae	sim	archaea	Pyrodictiaceae	2307	Pyrodictium	2308	35616	GCF_055379715.1	Pyrodictium brockii	35616	JCM 9392	reference genome	1639937	Complete Genome	different_genera	Lower species taxid is simulated; higher species taxid is the database
archaea_pyrodictiaceae	db	archaea	Pyrodictiaceae	2307	Hyperthermus	54247	54248	GCF_000015145.1	Hyperthermus butylicus DSM 5456	415426	DSM 5456	reference genome	1667163	Complete Genome	different_genera	Lower species taxid is simulated; higher species taxid is the database
archaea_thermofilaceae	sim	archaea	Thermofilaceae	114378	Thermofilum	2268	2269	GCF_000015225.1	Thermofilum pendens Hrk 5	368408	Hrk 5	reference genome	1813393	Complete Genome	different_genera	Lower species taxid is simulated; higher species taxid is the database
archaea_thermofilaceae	db	archaea	Thermofilaceae	114378	Infirmifilum	2856573	1550241	GCF_000993805.1	Infirmifilum uzonense	1550241	1807-2	reference genome	1611988	Complete Genome	different_genera	Lower species taxid is simulated; higher species taxid is the database
archaea_nitrososphaeraceae	sim	archaea	Nitrososphaeraceae	1033997	Nitrososphaera	497726	1034015	GCF_000698785.1	Nitrososphaera viennensis EN76	926571	EN76	reference genome	2527938	Complete Genome	different_genera	Lower species taxid is simulated; higher species taxid is the database
archaea_nitrososphaeraceae	db	archaea	Nitrososphaeraceae	1033997	Candidatus Nitrosocosmicus	1826864	1353260	GCF_000802205.1	Candidatus Nitrosocosmicus oleophilus	1353260	MY3	na	3430706	Complete Genome	different_genera	Lower species taxid is simulated; higher species taxid is the database
archaea_methanoregulaceae	sim	archaea	Methanoregulaceae	1198451	Methanoregula	395331	358766	GCF_000017625.1	Methanoregula boonei 6A8	456442	6A8	reference genome	2542943	Complete Genome	different_genera	Lower species taxid is simulated; higher species taxid is the database
archaea_methanoregulaceae	db	archaea	Methanoregulaceae	1198451	Methanosphaerula	475087	475088	GCF_000021965.1	Methanosphaerula palustris E1-9c	521011	E1-9c	reference genome	2922917	Complete Genome	different_genera	Lower species taxid is simulated; higher species taxid is the database
archaea_thermoplasmataceae	sim	archaea	Thermoplasmataceae	46659	Thermoplasma	2302	2303	GCF_000195915.1	Thermoplasma acidophilum DSM 1728	273075	DSM 1728	reference genome	1564906	Complete Genome	different_genera	Lower species taxid is simulated; higher species taxid is the database
archaea_thermoplasmataceae	db	archaea	Thermoplasmataceae	46659	Oxyplasma	3373586	3073602	GCF_038024865.1	Oxyplasma meridianum	3073602	M1	reference genome	1676007	Complete Genome	different_genera	Lower species taxid is simulated; higher species taxid is the database
archaea_halorubellaceae	sim	archaea	Halorubellaceae	3064798	Halorubellus	1269048	755308	GCF_055378595.1	Halorubellus litoreus	755308	JCM 17117	reference genome	4597159	Complete Genome	different_genera	Lower species taxid is simulated; higher species taxid is the database
archaea_halorubellaceae	db	archaea	Halorubellaceae	3064798	Haloarchaeobius	1269031	1198296	GCF_055396915.1	Haloarchaeobius amylolyticus	1198296	JCM 18642	na	4580333	Complete Genome	different_genera	Lower species taxid is simulated; higher species taxid is the database
viral_rhabdoviridae	sim	viral	Rhabdoviridae	11270	Lyssavirus	11286	11292	GCF_000859625.1	Lyssavirus rabies	11292		na	11932	Complete Genome	same_genus	Lower species taxid is simulated; higher species taxid is the database
viral_rhabdoviridae	db	viral	Rhabdoviridae	11270	Lyssavirus	11286	12538	GCF_000856485.1	Lyssavirus mokola	12538		na	11940	Complete Genome	same_genus	Lower species taxid is simulated; higher species taxid is the database
viral_picornaviridae	sim	viral	Picornaviridae	12058	Enterovirus	12059	47681	GCF_000919855.1	Enterovirus sp.	47681		na	7376	Complete Genome	same_genus	Lower species taxid is simulated; higher species taxid is the database
viral_picornaviridae	db	viral	Picornaviridae	12058	Enterovirus	12059	3428500	GCF_000861905.1	Enterovirus A	138948		na	7413	Complete Genome	same_genus	Lower species taxid is simulated; higher species taxid is the database
viral_polyomaviridae	sim	viral	Polyomaviridae	151341	Betapolyomavirus	1891714	1236392	GCF_000902195.1	Betapolyomavirus calbifrons	1236392		na	5013	Complete Genome	same_genus	Lower species taxid is simulated; higher species taxid is the database
viral_polyomaviridae	db	viral	Polyomaviridae	151341	Betapolyomavirus	1891714	1236395	GCF_000929995.1	Betapolyomavirus cercopitheci	1236395		na	5189	Complete Genome	same_genus	Lower species taxid is simulated; higher species taxid is the database
viral_circoviridae	sim	viral	Circoviridae	39724	Cyclovirus	742914	942033	GCF_000889655.1	Cyclovirus PKgoat21/PAK/2009	942033		na	1838	Complete Genome	same_genus	Lower species taxid is simulated; higher species taxid is the database
viral_circoviridae	db	viral	Circoviridae	39724	Cyclovirus	742914	1506568	GCF_000925995.1	Cyclovirus ZM36a	1506568	ZM36a	na	1865	Complete Genome	same_genus	Lower species taxid is simulated; higher species taxid is the database
viral_arenaviridae	sim	viral	Arenaviridae	11617	Mammarenavirus	1653394	144752	GCF_000872565.1	Mammarenavirus allpahuayoense	144752	CLHP-2472	na	10396	Complete Genome	same_genus	Lower species taxid is simulated; higher species taxid is the database
viral_arenaviridae	db	viral	Arenaviridae	11617	Mammarenavirus	1653394	2169991	GCF_000856545.1	Mammarenavirus juninense	2169991	XJ13	na	10525	Complete Genome	same_genus	Lower species taxid is simulated; higher species taxid is the database
viral_draupnirviridae	sim	viral	Draupnirviridae	3152116	Torentivirus	3152674	3432913	GCF_031226535.1	Torentivirus aristcris	3432913		na	3548	Complete Genome	same_genus	Lower species taxid is simulated; higher species taxid is the database
viral_draupnirviridae	db	viral	Draupnirviridae	3152116	Torentivirus	3152674	3432914	GCF_004290095.1	Torentivirus crutis	3432914		na	2911	Complete Genome	same_genus	Lower species taxid is simulated; higher species taxid is the database
viral_steitzviridae	sim	viral	Steitzviridae	2842332	Alehxovirus	2842364	3426018	GCF_024382145.1	Alehxovirus allofaecicola	3426018		na	3792	Complete Genome	same_genus	Lower species taxid is simulated; higher species taxid is the database
viral_steitzviridae	db	viral	Steitzviridae	2842332	Alehxovirus	2842364	3426021	GCF_024381595.1	Alehxovirus allofundihabitans	3426021		na	3676	Complete Genome	same_genus	Lower species taxid is simulated; higher species taxid is the database
viral_kanorauviridae	sim	viral	Kanorauviridae	3152126	Ninurtavirus	3152926	3431119	GCF_004290935.1	Ninurtavirus cruti	3431119		na	2159	Complete Genome	same_genus	Lower species taxid is simulated; higher species taxid is the database
viral_kanorauviridae	db	viral	Kanorauviridae	3152126	Ninurtavirus	3152926	3431125	GCF_004369605.1	Ninurtavirus lophus	3431125		na	2979	Complete Genome	same_genus	Lower species taxid is simulated; higher species taxid is the database
viral_ouroboviridae	sim	viral	Ouroboviridae	3152142	Naiadivirus	3153040	3430986	GCF_022874115.1	Naiadivirus befense	3430986		na	2054	Complete Genome	same_genus	Lower species taxid is simulated; higher species taxid is the database
viral_ouroboviridae	db	viral	Ouroboviridae	3152142	Naiadivirus	3153040	3430987	GCF_022874165.1	Naiadivirus vacaense	3430987		na	2173	Complete Genome	same_genus	Lower species taxid is simulated; higher species taxid is the database
viral_paramyxoviridae	sim	viral	Paramyxoviridae	11158	Respirovirus	186938	3052729	GCF_000854745.1	Respirovirus bovis	3052729		na	15456	Complete Genome	same_genus	Lower species taxid is simulated; higher species taxid is the database
viral_paramyxoviridae	db	viral	Paramyxoviridae	11158	Respirovirus	186938	3052731	GCF_000855625.1	Respirovirus muris	3052731	Ohita	na	15384	Complete Genome	same_genus	Lower species taxid is simulated; higher species taxid is the database
viral_hantaviridae	sim	viral	Hantaviridae	1980413	Orthohantavirus	1980442	1980456	GCF_000850405.1	Orthohantavirus andesense	1980456	Chile-9717869	na	12104	Complete Genome	same_genus	Lower species taxid is simulated; higher species taxid is the database
viral_hantaviridae	db	viral	Hantaviridae	1980413	Orthohantavirus	1980442	3052470	GCF_002816435.1	Orthohantavirus bayoui	3052470		na	12189	Complete Genome	same_genus	Lower species taxid is simulated; higher species taxid is the database
viral_geminiviridae	sim	viral	Geminiviridae	10811	Begomovirus	10814	10815	GCF_000847225.1	Begomovirus bauri	10815		na	5217	Complete Genome	same_genus	Lower species taxid is simulated; higher species taxid is the database
viral_geminiviridae	db	viral	Geminiviridae	10811	Begomovirus	10814	10817	GCF_000857205.1	Begomovirus manihotis	10817		na	5503	Complete Genome	same_genus	Lower species taxid is simulated; higher species taxid is the database
viral_papillomaviridae	sim	viral	Papillomaviridae	151340	Alphapapillomavirus	333750	10570	GCF_000836865.1	Alphapapillomavirus 12	10570		na	8028	Complete Genome	same_genus	Lower species taxid is simulated; higher species taxid is the database
viral_papillomaviridae	db	viral	Papillomaviridae	151340	Alphapapillomavirus	333750	333767	GCF_000862805.1	Alphapapillomavirus 3	333767		na	7989	Complete Genome	same_genus	Lower species taxid is simulated; higher species taxid is the database
viral_fiersviridae	sim	viral	Fiersviridae	2842319	Cunavirus	2842622	3428150	GCF_024381995.1	Cunavirus faecihabitans	3428150		na	3564	Complete Genome	different_genera	Lower species taxid is simulated; higher species taxid is the database
viral_fiersviridae	db	viral	Fiersviridae	2842319	Oxychlovirus	2842932	3431548	GCF_054805085.1	Oxychlovirus montisadaptatum	3431548		na	3736	Complete Genome	different_genera	Lower species taxid is simulated; higher species taxid is the database
viral_smacoviridae	sim	viral	Smacoviridae	2169574	Bovismacovirus	2169575	3427595	GCF_005235205.1	Bovismacovirus bovas3	3427595		na	2727	Complete Genome	different_genera	Lower species taxid is simulated; higher species taxid is the database
viral_smacoviridae	db	viral	Smacoviridae	2169574	Porprismacovirus	2169663	3431830	GCF_005235225.1	Porprismacovirus bovas3	3431830		na	2734	Complete Genome	different_genera	Lower species taxid is simulated; higher species taxid is the database
viral_sedoreoviridae	sim	viral	Sedoreoviridae	2946186	Orbivirus	10892	40050	GCF_000856125.1	Orbivirus alphaequi	40050		na	19524	Complete Genome	different_genera	Lower species taxid is simulated; higher species taxid is the database
viral_sedoreoviridae	db	viral	Sedoreoviridae	2946186	Rotavirus	10912	3432193	GCF_000880735.1	Rotavirus A	28875	RVA/Simian-tc/ZAF/SA11-H96/1958/G3P5B[2]	na	18562	Complete Genome	different_genera	Lower species taxid is simulated; higher species taxid is the database
viral_parvoviridae	sim	viral	Parvoviridae	10780	Amdoparvovirus	310911	1908805	GCF_002374935.1	Amdoparvovirus sp.	1908805		na	4662	Complete Genome	different_genera	Lower species taxid is simulated; higher species taxid is the database
viral_parvoviridae	db	viral	Parvoviridae	10780	Protoparvovirus	1506574	3052712	GCF_000973435.1	Protoparvovirus eulipotyphla1	3052712	ZM38	na	4613	Complete Genome	different_genera	Lower species taxid is simulated; higher species taxid is the database
viral_mahapunaviridae	sim	viral	Mahapunaviridae	3152133	Acamarivirus	3152979	3425967	GCF_004369525.1	Acamarivirus cometis	3425967		na	2037	Complete Genome	different_genera	Lower species taxid is simulated; higher species taxid is the database
viral_mahapunaviridae	db	viral	Mahapunaviridae	3152133	Anthevirus	3152981	3426391	GCF_003625155.1	Anthevirus perseuis	3426391		na	2093	Complete Genome	different_genera	Lower species taxid is simulated; higher species taxid is the database
viral_flaviviridae	sim	viral	Flaviviridae	11050	Pestivirus	11095	31657	GCF_029884895.1	Pestivirus sp.	31657		na	12173	Complete Genome	different_genera	Lower species taxid is simulated; higher species taxid is the database
viral_flaviviridae	db	viral	Flaviviridae	11050	Hepacivirus	11102	2202225	GCF_004132385.1	Hepacivirus P	2202225		na	8684	Complete Genome	different_genera	Lower species taxid is simulated; higher species taxid is the database
viral_betaflexiviridae	sim	viral	Betaflexiviridae	675068	Capillovirus	12174	28347	GCF_000859505.1	Capillovirus mali	28347		na	6495	Complete Genome	different_genera	Lower species taxid is simulated; higher species taxid is the database
viral_betaflexiviridae	db	viral	Betaflexiviridae	675068	Carlavirus	12163	101764	GCF_000863345.1	Carlavirus latensaconiti	101764		na	8657	Complete Genome	different_genera	Lower species taxid is simulated; higher species taxid is the database
viral_phenuiviridae	sim	viral	Phenuiviridae	1980418	Phasivirus	1980421	3052627	GCF_002814795.1	Phasivirus baduense	3052627		na	12247	Complete Genome	different_genera	Lower species taxid is simulated; higher species taxid is the database
viral_phenuiviridae	db	viral	Phenuiviridae	1980418	Tenuivirus	12329	3052762	GCF_000847645.1	Tenuivirus oryzabrevis	3052762		na	25142	Complete Genome	different_genera	Lower species taxid is simulated; higher species taxid is the database
viral_peduoviridae	sim	viral	Peduoviridae	2946167	Peduovirus	140410	2844217	GCF_902141575.1	Peduovirus P22H1	2844217		na	32662	Complete Genome	different_genera	Lower species taxid is simulated; higher species taxid is the database
viral_peduoviridae	db	viral	Peduoviridae	2946167	Xuanwuvirus	2733085	2844224	GCF_902141785.1	Xuanwuvirus P884B11	2844224		na	37100	Complete Genome	different_genera	Lower species taxid is simulated; higher species taxid is the database
viral_spinareoviridae	sim	viral	Spinareoviridae	2946187	Aquareovirus	10979	185782	GCF_000853585.1	Aquareovirus ctenopharyngodontis	185782	Golden shiner reovirus	na	23696	Complete Genome	different_genera	Lower species taxid is simulated; higher species taxid is the database
viral_spinareoviridae	db	viral	Spinareoviridae	2946187	Cypovirus	10981	3428163	GCF_000850245.1	Cypovirus 1	205895	Lymantria dispar cypovirus 1	na	24732	Complete Genome	different_genera	Lower species taxid is simulated; higher species taxid is the database
viral_lipothrixviridae	sim	viral	Lipothrixviridae	10477	Deltalipothrixvirus	564646	300186	GCF_000873645.1	Deltalipothrixvirus pozzuoliense	300186		na	31787	Complete Genome	different_genera	Lower species taxid is simulated; higher species taxid is the database
viral_lipothrixviridae	db	viral	Lipothrixviridae	10477	Betalipothrixvirus	341940	346881	GCF_000878935.1	Betalipothrixvirus acidiani	346881		na	40449	Complete Genome	different_genera	Lower species taxid is simulated; higher species taxid is the database
viral_mimiviridae	sim	viral	Mimiviridae	549779	Mimivirus	315393	1128151	GCF_000918435.1	Mimivirus terra2	1128151		na	1168989	Chromosome	different_genera	Lower species taxid is simulated; higher species taxid is the database
viral_mimiviridae	db	viral	Mimiviridae	549779	Tupanvirus	2094720	3060758	GCF_002966485.1	Tupanvirus soda lake	2126985		na	1516267	Chromosome	different_genera	Lower species taxid is simulated; higher species taxid is the database
eukaryota_unikaryonidae	sim	eukaryota	Unikaryonidae	36734	Encephalitozoon	6033	6035	GCF_000091225.2	Encephalitozoon cuniculi GB-M1	284813		reference genome	2497519	Chromosome	same_genus	Lower species taxid is simulated; higher species taxid is the database
eukaryota_unikaryonidae	db	eukaryota	Unikaryonidae	36734	Encephalitozoon	6033	27973	GCF_000277815.2	Encephalitozoon hellem ATCC 50504	907965	ATCC 50504	reference genome	2251784	Chromosome	same_genus	Lower species taxid is simulated; higher species taxid is the database
eukaryota_malasseziaceae	sim	eukaryota	Malasseziaceae	742845	Malassezia	55193	76775	GCF_003290485.1	Malassezia restricta	76775	KCTC 27527	reference genome	7330907	Complete Genome	same_genus	Lower species taxid is simulated; higher species taxid is the database
eukaryota_malasseziaceae	db	eukaryota	Malasseziaceae	742845	Malassezia	55193	223818	GCF_029542785.1	Malassezia japonica	223818	CBS 9431	reference genome	8433779	Complete Genome	same_genus	Lower species taxid is simulated; higher species taxid is the database
eukaryota_theileriidae	sim	eukaryota	Theileriidae	27994	Theileria	5873	5872	GCF_000342415.1	Theileria equi strain WA	1537102	WA	reference genome	11617598	Chromosome	same_genus	Lower species taxid is simulated; higher species taxid is the database
eukaryota_theileriidae	db	eukaryota	Theileriidae	27994	Theileria	5873	5874	GCF_000003225.4	Theileria annulata	5874	Ankara isolate clone C9	reference genome	8352220	Chromosome	same_genus	Lower species taxid is simulated; higher species taxid is the database
eukaryota_babesiidae	sim	eukaryota	Babesiidae	32594	Babesia	5864	5865	GCF_000165395.2	Babesia bovis T2Bo	484906	T2Bo	reference genome	8195476	Chromosome	same_genus	Lower species taxid is simulated; higher species taxid is the database
eukaryota_babesiidae	db	eukaryota	Babesiidae	32594	Babesia	5864	5866	GCF_000981445.1	Babesia bigemina	5866	Bond	reference genome	13840936	Chromosome	same_genus	Lower species taxid is simulated; higher species taxid is the database
eukaryota_schizosaccharomycetaceae	sim	eukaryota	Schizosaccharomycetaceae	4894	Schizosaccharomyces	4895	4896	GCF_000002945.2	Schizosaccharomyces pombe	4896	972h-	reference genome	12571820	Chromosome	same_genus	Lower species taxid is simulated; higher species taxid is the database
eukaryota_schizosaccharomycetaceae	db	eukaryota	Schizosaccharomycetaceae	4894	Schizosaccharomyces	4895	2545709	GCF_027921745.1	Schizosaccharomyces osmophilus	2545709	CBS 15793	reference genome	11416521	Complete Genome	same_genus	Lower species taxid is simulated; higher species taxid is the database
eukaryota_metschnikowiaceae	sim	eukaryota	Metschnikowiaceae	27319	Australozyma	3300567	291208	GCF_035610405.1	Australozyma saopauloensis	291208	19XY460	reference genome	12068158	Complete Genome	different_genera	Lower species taxid is simulated; higher species taxid is the database
eukaryota_metschnikowiaceae	db	eukaryota	Metschnikowiaceae	27319	Candidozyma	3303203	498019	GCF_003013715.1	Candidozyma auris	498019	B11220	reference genome	12249773	Complete Genome	different_genera	Lower species taxid is simulated; higher species taxid is the database
eukaryota_hexamitidae	sim	eukaryota	Hexamitidae	5739	Giardia	5740	5741	GCF_000002435.2	Giardia duodenalis	5741	WB C6	reference genome	12078186	Chromosome	different_genera	Lower species taxid is simulated; higher species taxid is the database
eukaryota_hexamitidae	db	eukaryota	Hexamitidae	5739	Spironucleus	39709	348837	GCF_000497125.1	Spironucleus salmonicida	348837	ATCC 50377	reference genome	14545911	Chromosome	different_genera	Lower species taxid is simulated; higher species taxid is the database
eukaryota_trichosporonaceae	sim	eukaryota	Trichosporonaceae	1759442	Vanrija	1851468	143232	GCF_020906515.1	Vanrija pseudolonga	143232		reference genome	24922244	Complete Genome	different_genera	Lower species taxid is simulated; higher species taxid is the database
eukaryota_trichosporonaceae	db	eukaryota	Trichosporonaceae	1759442	Cutaneotrichosporon	1838142	279322	GCF_030864355.1	Cutaneotrichosporon cavernicola	279322	HIS019	reference genome	20237334	Complete Genome	different_genera	Lower species taxid is simulated; higher species taxid is the database
eukaryota_saccharomycetaceae	sim	eukaryota	Saccharomycetaceae	4893	Saccharomyces	4930	4932	GCF_000146045.2	Saccharomyces cerevisiae S288C	559292	S288C	reference genome	12071326	Complete Genome	same_genus	Lower species taxid is simulated; higher species taxid is the database
eukaryota_saccharomycetaceae	db	eukaryota	Saccharomycetaceae	4893	Saccharomyces	4930	27291	GCF_002079055.1	Saccharomyces paradoxus	27291	CBS432	reference genome	12021328	Chromosome	same_genus	Lower species taxid is simulated; higher species taxid is the database
eukaryota_pichiaceae	sim	eukaryota	Pichiaceae	1156497	Brettanomyces	13366	5007	GCF_011074885.1	Brettanomyces bruxellensis	5007	UCD 2041	reference genome	13150648	Complete Genome	same_genus	Lower species taxid is simulated; higher species taxid is the database
eukaryota_pichiaceae	db	eukaryota	Pichiaceae	1156497	Brettanomyces	13366	13502	GCF_011074865.1	Brettanomyces nanus	13502	CBS 1945	reference genome	10117252	Complete Genome	same_genus	Lower species taxid is simulated; higher species taxid is the database
eukaryota_plasmodiidae	sim	eukaryota	Plasmodiidae	1639119	Plasmodium	5820	5821	GCF_900002375.2	Plasmodium berghei ANKA	5823	ANKA	reference genome	18740246	Chromosome	same_genus	Lower species taxid is simulated; higher species taxid is the database
eukaryota_plasmodiidae	db	eukaryota	Plasmodiidae	1639119	Plasmodium	5820	5824	GCF_023973825.1	Plasmodium brasilianum	5824	Bolivian I	reference genome	31374054	Chromosome	same_genus	Lower species taxid is simulated; higher species taxid is the database
eukaryota_debaryomycetaceae	sim	eukaryota	Debaryomycetaceae	766764	Candida	5475	5476	GCF_000182965.3	Candida albicans SC5314	237561	SC5314	reference genome	14282666	Chromosome	same_genus	Lower species taxid is simulated; higher species taxid is the database
eukaryota_debaryomycetaceae	db	eukaryota	Debaryomycetaceae	766764	Candida	5475	42374	GCF_000026945.1	Candida dubliniensis CD36	573826	CD36	reference genome	14618422	Complete Genome	same_genus	Lower species taxid is simulated; higher species taxid is the database
eukaryota_trichocomaceae	sim	eukaryota	Trichocomaceae	28568	Talaromyces	5094	37727	GCF_009556855.1	Talaromyces marneffei	37727		reference genome	28198338	Complete Genome	same_genus	Lower species taxid is simulated; higher species taxid is the database
eukaryota_trichocomaceae	db	eukaryota	Trichocomaceae	28568	Talaromyces	5094	121627	GCF_013368755.1	Talaromyces rugulosus	121627	W13939	reference genome	35758560	Complete Genome	same_genus	Lower species taxid is simulated; higher species taxid is the database
eukaryota_chaetomiaceae	sim	eukaryota	Chaetomiaceae	35718	Remersonia	72143	72144	GCF_042764415.1	Remersonia thermophila	72144	ATCC 22073	reference genome	27414229	Complete Genome	different_genera	Lower species taxid is simulated; higher species taxid is the database
eukaryota_chaetomiaceae	db	eukaryota	Chaetomiaceae	35718	Thermothelomyces	1920207	78579	GCF_000226095.1	Thermothelomyces thermophilus ATCC 42464	573729	ATCC 42464	reference genome	38744216	Complete Genome	different_genera	Lower species taxid is simulated; higher species taxid is the database
eukaryota_ophiocordycipitaceae	sim	eukaryota	Ophiocordycipitaceae	474942	Drechmeria	98402	98403	GCF_001625195.1	Drechmeria coniospora	98403	ARSEF 6962	reference genome	32831003	Chromosome	different_genera	Lower species taxid is simulated; higher species taxid is the database
eukaryota_ophiocordycipitaceae	db	eukaryota	Ophiocordycipitaceae	474942	Purpureocillium	1052105	2060973	GCF_022605165.1	Purpureocillium takamizusanense	2060973	PT3	reference genome	35574015	Complete Genome	different_genera	Lower species taxid is simulated; higher species taxid is the database
eukaryota_podosporaceae	sim	eukaryota	Podosporaceae	2609812	Podospora	5144	2093777	GCF_035222275.1	Podospora bellae-mahoneyi	2093777	CBS 112042	reference genome	34330348	Chromosome	same_genus	Lower species taxid is simulated; higher species taxid is the database
eukaryota_podosporaceae	db	eukaryota	Podosporaceae	2609812	Podospora	5144	2093779	GCF_035222375.1	Podospora pseudocomata	2093779	CBS 415.72m	reference genome	34981282	Chromosome	same_genus	Lower species taxid is simulated; higher species taxid is the database
eukaryota_cordycipitaceae	sim	eukaryota	Cordycipitaceae	474943	Cordyceps	45234	43265	GCF_051103115.1	Cordyceps javanica	43265	Apopka 97	reference genome	35105364	Complete Genome	different_genera	Lower species taxid is simulated; higher species taxid is the database
eukaryota_cordycipitaceae	db	eukaryota	Cordycipitaceae	474943	Akanthomyces	150366	2231603	GCF_028009165.1	Akanthomyces muscarius	2231603	Ve6	reference genome	36207525	Chromosome	different_genera	Lower species taxid is simulated; higher species taxid is the database
eukaryota_clavicipitaceae	sim	eukaryota	Clavicipitaceae	34397	Metarhizium	5529	500148	GCF_013426205.1	Metarhizium brunneum	500148	4556	reference genome	37771916	Complete Genome	different_genera	Lower species taxid is simulated; higher species taxid is the database
eukaryota_clavicipitaceae	db	eukaryota	Clavicipitaceae	34397	Ustilaginoidea	124426	1159556	GCF_000687475.1	Ustilaginoidea virens	1159556	UV-8b	reference genome	37060086	Complete Genome	different_genera	Lower species taxid is simulated; higher species taxid is the database
eukaryota_hypocreaceae	sim	eukaryota	Hypocreaceae	5129	Trichoderma	5543	63577	GCF_020647795.1	Trichoderma atroviride	63577	P1	reference genome	37300646	Complete Genome	same_genus	Lower species taxid is simulated; higher species taxid is the database
eukaryota_hypocreaceae	db	eukaryota	Hypocreaceae	5129	Trichoderma	5543	101201	GCF_020647865.1	Trichoderma asperellum	101201	FT101	reference genome	37545380	Complete Genome	same_genus	Lower species taxid is simulated; higher species taxid is the database
eukaryota_pleosporaceae	sim	eukaryota	Pleosporaceae	28556	Pyrenophora	5027	45151	GCF_003171515.1	Pyrenophora tritici-repentis	45151	M4	reference genome	40738834	Chromosome	different_genera	Lower species taxid is simulated; higher species taxid is the database
eukaryota_pleosporaceae	db	eukaryota	Pleosporaceae	28556	Alternaria	5598	48095	GCF_042100115.1	Alternaria dauci	48095	A2016	reference genome	34906709	Complete Genome	different_genera	Lower species taxid is simulated; higher species taxid is the database
eukaryota_mycosphaerellaceae	sim	eukaryota	Mycosphaerellaceae	93133	Cercospora	29002	122368	GCF_033473495.1	Cercospora beticola	122368		reference genome	36074111	Complete Genome	different_genera	Lower species taxid is simulated; higher species taxid is the database
eukaryota_mycosphaerellaceae	db	eukaryota	Mycosphaerellaceae	93133	Zymoseptoria	1047167	1047171	GCF_000219625.1	Zymoseptoria tritici IPO323	336722	IPO323	reference genome	39686251	Chromosome	different_genera	Lower species taxid is simulated; higher species taxid is the database
eukaryota_sordariaceae	sim	eukaryota	Sordariaceae	5148	Neurospora	5140	5141	GCF_000182925.2	Neurospora crassa OR74A	367110	OR74A	reference genome	41037538	Chromosome	different_genera	Lower species taxid is simulated; higher species taxid is the database
eukaryota_sordariaceae	db	eukaryota	Sordariaceae	5148	Sordaria	5146	5147	GCF_033870435.1	Sordaria macrospora	5147	SN1693	reference genome	39444728	Complete Genome	different_genera	Lower species taxid is simulated; higher species taxid is the database
eukaryota_nectriaceae	sim	eukaryota	Nectriaceae	110618	Fusarium	5506	5127	GCF_900079805.1	Fusarium fujikuroi IMI 58289	1279085	IMI 58289	reference genome	43832314	Chromosome	same_genus	Lower species taxid is simulated; higher species taxid is the database
eukaryota_nectriaceae	db	eukaryota	Nectriaceae	110618	Fusarium	5506	5128	GCF_050947815.1	Fusarium sambucinum	5128		reference genome	38591179	Complete Genome	same_genus	Lower species taxid is simulated; higher species taxid is the database
eukaryota_cryptococcaceae	sim	eukaryota	Cryptococcaceae	1884633	Kwoniella	490731	4975	GCF_036810415.1	Kwoniella dendrophila CBS 6074	1295534	CBS 6074	reference genome	23026020	Complete Genome	different_genera	Lower species taxid is simulated; higher species taxid is the database
eukaryota_cryptococcaceae	db	eukaryota	Cryptococcaceae	1884633	Cryptococcus	5206	5207	GCF_000149245.1	Cryptococcus neoformans H99	235443	H99	reference genome	18891193	Chromosome	different_genera	Lower species taxid is simulated; higher species taxid is the database
eukaryota_trypanosomatidae	sim	eukaryota	Trypanosomatidae	5654	Leishmania	5658	5660	GCF_000002845.2	Leishmania braziliensis MHOM/BR/75/M2904	420245	MHOM/BR/75/M2904	reference genome	32068771	Chromosome	different_genera	Lower species taxid is simulated; higher species taxid is the database
eukaryota_trypanosomatidae	db	eukaryota	Trypanosomatidae	5654	Trypanosoma	5690	5691	GCF_000210295.1	Trypanosoma brucei gambiense DAL972	679716	Dal 972 clone 1 (MHOM/CI/86/DAL972)	na	22148088	Chromosome	different_genera	Lower species taxid is simulated; higher species taxid is the database
